kodeprov,kodekab,nama,keyword
11,00,Aceh,BPS Provinsi Aceh
12,00,Sumatera Utara,BPS Provinsi Sumatera Utara
13,00,Sumatera Barat,BPS Provinsi Sumatera Barat
14,00,Riau,BPS Provinsi Riau
15,00,Jambi,BPS Provinsi Jambi
16,00,Sumatera Selatan,BPS Provinsi Sumatera Selatan
17,00,Bengkulu,BPS Provinsi Bengkulu
18,00,Lampung,BPS Provinsi Lampung
19,00,Kep. Bangka Belitung,BPS Provinsi Kep. Bangka Belitung
21,00,Kep. Riau,BPS Provinsi Kep. Riau
31,00,Dki Jakarta,BPS Provinsi Dki Jakarta
32,00,Jawa Barat,BPS Provinsi Jawa Barat
33,00,Jawa Tengah,BPS Provinsi Jawa Tengah
34,00,Di Yogyakarta,BPS Provinsi Di Yogyakarta
35,00,Jawa Timur,BPS Provinsi Jawa Timur
36,00,Banten,BPS Provinsi Banten
51,00,Bali,BPS Provinsi Bali
52,00,Nusa Tenggara Barat,BPS Provinsi Nusa Tenggara Barat
53,00,Nusa Tenggara Timur,BPS Provinsi Nusa Tenggara Timur
61,00,Kalimantan Barat,BPS Provinsi Kalimantan Barat
62,00,Kalimantan Tengah,BPS Provinsi Kalimantan Tengah
63,00,Kalimantan Selatan,BPS Provinsi Kalimantan Selatan
64,00,Kalimantan Timur,BPS Provinsi Kalimantan Timur
65,00,Kalimantan Utara,BPS Provinsi Kalimantan Utara
71,00,Sulawesi Utara,BPS Provinsi Sulawesi Utara
72,00,Sulawesi Tengah,BPS Provinsi Sulawesi Tengah
73,00,Sulawesi Selatan,BPS Provinsi Sulawesi Selatan
74,00,Sulawesi Tenggara,BPS Provinsi Sulawesi Tenggara
75,00,Gorontalo,BPS Provinsi Gorontalo
76,00,Sulawesi Barat,BPS Provinsi Sulawesi Barat
81,00,Maluku,BPS Provinsi Maluku
82,00,Maluku Utara,BPS Provinsi Maluku Utara
91,00,Papua Barat,BPS Provinsi Papua Barat
94,00,Papua,BPS Provinsi Papua
11,02,ACEH SINGKIL,BPS KABUPATEN ACEH SINGKIL
11,03,ACEH SELATAN,BPS KABUPATEN ACEH SELATAN
11,04,ACEH TENGGARA,BPS KABUPATEN ACEH TENGGARA
11,05,ACEH TIMUR,BPS KABUPATEN ACEH TIMUR
11,06,ACEH TENGAH,BPS KABUPATEN ACEH TENGAH
11,07,ACEH BARAT,BPS KABUPATEN ACEH BARAT
11,08,ACEH BESAR,BPS KABUPATEN ACEH BESAR
11,09,PIDIE,BPS KABUPATEN PIDIE
11,10,BIREUEN,BPS KABUPATEN BIREUEN
11,11,ACEH UTARA,BPS KABUPATEN ACEH UTARA
11,12,ACEH BARAT DAYA,BPS KABUPATEN ACEH BARAT DAYA
11,13,GAYO LUES,BPS KABUPATEN GAYO LUES
11,14,ACEH TAMIANG,BPS KABUPATEN ACEH TAMIANG
11,16,ACEH JAYA,BPS KABUPATEN ACEH JAYA
11,17,BENER MERIAH,BPS KABUPATEN BENER MERIAH
11,18,PIDIE JAYA,BPS KABUPATEN PIDIE JAYA
11,71,BANDA ACEH,BPS KOTA BANDA ACEH
11,72,SABANG,BPS KOTA SABANG
11,73,LANGSA,BPS KOTA LANGSA
11,74,LHOKSEUMAWE,BPS KOTA LHOKSEUMAWE
11,75,SUBULUSSALAM,BPS KOTA SUBULUSSALAM
12,01,NIAS,BPS KABUPATEN NIAS
12,02,MANDAILING NATAL,BPS KABUPATEN MANDAILING NATAL
12,03,TAPANULI SELATAN,BPS KABUPATEN TAPANULI SELATAN
12,04,TAPANULI TENGAH,BPS KABUPATEN TAPANULI TENGAH
12,05,TAPANULI UTARA,BPS KABUPATEN TAPANULI UTARA
12,08,ASAHAN,BPS KABUPATEN ASAHAN
12,09,SIMALUNGUN,BPS KABUPATEN SIMALUNGUN
12,10,DAIRI,BPS KABUPATEN DAIRI
12,11,KARO,BPS KABUPATEN KARO
12,12,DELI SERDANG,BPS KABUPATEN DELI SERDANG
12,13,LANGKAT,BPS KABUPATEN LANGKAT
12,14,NIAS SELATAN,BPS KABUPATEN NIAS SELATAN
12,15,HUMBANG HASUNDUTAN,BPS KABUPATEN HUMBANG HASUNDUTAN
12,16,PAKPAK BHARAT,BPS KABUPATEN PAKPAK BHARAT
12,17,SAMOSIR,BPS KABUPATEN SAMOSIR
12,18,SERDANG BEDAGAI,BPS KABUPATEN SERDANG BEDAGAI
12,19,BATU BARA,BPS KABUPATEN BATU BARA
12,20,PADANG LAWAS UTARA,BPS KABUPATEN PADANG LAWAS UTARA
12,21,PADANG LAWAS,BPS KABUPATEN PADANG LAWAS
12,22,LABUHAN BATU SELATAN,BPS KABUPATEN LABUHAN BATU SELATAN
12,23,LABUHAN BATU UTARA,BPS KABUPATEN LABUHAN BATU UTARA
12,24,NIAS UTARA,BPS KABUPATEN NIAS UTARA
12,25,NIAS BARAT,BPS KABUPATEN NIAS BARAT
12,71,SIBOLGA,BPS KOTA SIBOLGA
12,73,PEMATANG SIANTAR,BPS KOTA PEMATANG SIANTAR
12,74,TEBING TINGGI,BPS KOTA TEBING TINGGI
12,75,MEDAN,BPS KOTA MEDAN
12,76,BINJAI,BPS KOTA BINJAI
12,77,PADANGSIDIMPUAN,BPS KOTA PADANGSIDIMPUAN
12,78,GUNUNGSITOLI,BPS KOTA GUNUNGSITOLI
13,01,KEPULAUAN MENTAWAI,BPS KABUPATEN KEPULAUAN MENTAWAI
13,02,PESISIR SELATAN,BPS KABUPATEN PESISIR SELATAN
13,03,SOLOK,BPS KABUPATEN SOLOK
13,04,SIJUNJUNG,BPS KABUPATEN SIJUNJUNG
13,05,TANAH DATAR,BPS KABUPATEN TANAH DATAR
13,06,PADANG PARIAMAN,BPS KABUPATEN PADANG PARIAMAN
13,07,AGAM,BPS KABUPATEN AGAM
13,08,LIMA PULUH KOTA,BPS KABUPATEN LIMA PULUH KOTA
13,09,PASAMAN,BPS KABUPATEN PASAMAN
13,10,SOLOK SELATAN,BPS KABUPATEN SOLOK SELATAN
13,11,DHARMASRAYA,BPS KABUPATEN DHARMASRAYA
13,71,PADANG,BPS KOTA PADANG
13,72,SOLOK,BPS KOTA SOLOK
13,73,SAWAH LUNTO,BPS KOTA SAWAH LUNTO
13,74,PADANG PANJANG,BPS KOTA PADANG PANJANG
13,75,BUKITTINGGI,BPS KOTA BUKITTINGGI
13,76,PAYAKUMBUH,BPS KOTA PAYAKUMBUH
13,77,PARIAMAN,BPS KOTA PARIAMAN
14,01,KUANTAN SINGINGI,BPS KABUPATEN KUANTAN SINGINGI
14,02,INDRAGIRI HULU,BPS KABUPATEN INDRAGIRI HULU
14,03,INDRAGIRI HILIR,BPS KABUPATEN INDRAGIRI HILIR
14,05,SIAK,BPS KABUPATEN SIAK
14,71,PEKANBARU,BPS KOTA PEKANBARU
14,73,DUMAI,BPS KOTA DUMAI
15,01,KERINCI,BPS KABUPATEN KERINCI
15,02,MERANGIN,BPS KABUPATEN MERANGIN
15,03,SAROLANGUN,BPS KABUPATEN SAROLANGUN
15,04,BATANG HARI,BPS KABUPATEN BATANG HARI
15,05,MUARO JAMBI,BPS KABUPATEN MUARO JAMBI
15,71,JAMBI,BPS KOTA JAMBI
15,72,SUNGAI PENUH,BPS KOTA SUNGAI PENUH
16,01,OGAN KOMERING ULU,BPS KABUPATEN OGAN KOMERING ULU
16,02,OGAN KOMERING ILIR,BPS KABUPATEN OGAN KOMERING ILIR
16,03,MUARA ENIM,BPS KABUPATEN MUARA ENIM
16,04,LAHAT,BPS KABUPATEN LAHAT
16,05,MUSI RAWAS,BPS KABUPATEN MUSI RAWAS
16,06,MUSI BANYUASIN,BPS KABUPATEN MUSI BANYUASIN
16,07,BANYU ASIN,BPS KABUPATEN BANYU ASIN
16,08,OGAN KOMERING ULU SELATAN,BPS KABUPATEN OGAN KOMERING ULU SELATAN
16,09,OGAN KOMERING ULU TIMUR,BPS KABUPATEN OGAN KOMERING ULU TIMUR
16,10,OGAN ILIR,BPS KABUPATEN OGAN ILIR
16,11,EMPAT LAWANG,BPS KABUPATEN EMPAT LAWANG
16,12,PENUKAL ABAB LEMATANG ILIR,BPS KABUPATEN PENUKAL ABAB LEMATANG ILIR
16,13,MUSI RAWAS UTARA,BPS KABUPATEN MUSI RAWAS UTARA
16,71,PALEMBANG,BPS KOTA PALEMBANG
16,72,PRABUMULIH,BPS KOTA PRABUMULIH
16,73,PAGAR ALAM,BPS KOTA PAGAR ALAM
16,74,LUBUKLINGGAU,BPS KOTA LUBUKLINGGAU
17,01,BENGKULU SELATAN,BPS KABUPATEN BENGKULU SELATAN
17,02,REJANG LEBONG,BPS KABUPATEN REJANG LEBONG
17,03,BENGKULU UTARA,BPS KABUPATEN BENGKULU UTARA
17,04,KAUR,BPS KABUPATEN KAUR
17,05,SELUMA,BPS KABUPATEN SELUMA
17,06,MUKOMUKO,BPS KABUPATEN MUKOMUKO
17,07,LEBONG,BPS KABUPATEN LEBONG
17,08,KEPAHIANG,BPS KABUPATEN KEPAHIANG
17,09,BENGKULU TENGAH,BPS KABUPATEN BENGKULU TENGAH
17,71,BENGKULU,BPS KOTA BENGKULU
18,01,LAMPUNG BARAT,BPS KABUPATEN LAMPUNG BARAT
18,02,TANGGAMUS,BPS KABUPATEN TANGGAMUS
18,03,LAMPUNG SELATAN,BPS KABUPATEN LAMPUNG SELATAN
18,04,LAMPUNG TIMUR,BPS KABUPATEN LAMPUNG TIMUR
18,05,LAMPUNG TENGAH,BPS KABUPATEN LAMPUNG TENGAH
18,06,LAMPUNG UTARA,BPS KABUPATEN LAMPUNG UTARA
18,07,WAY KANAN,BPS KABUPATEN WAY KANAN
18,08,TULANGBAWANG,BPS KABUPATEN TULANGBAWANG
18,09,PESAWARAN,BPS KABUPATEN PESAWARAN
18,10,PRINGSEWU,BPS KABUPATEN PRINGSEWU
18,11,MESUJI,BPS KABUPATEN MESUJI
18,13,PESISIR BARAT,BPS KABUPATEN PESISIR BARAT
18,71,BANDAR LAMPUNG,BPS KOTA BANDAR LAMPUNG
18,72,METRO,BPS KOTA METRO
19,01,BANGKA,BPS KABUPATEN BANGKA
19,02,BELITUNG,BPS KABUPATEN BELITUNG
19,03,BANGKA BARAT,BPS KABUPATEN BANGKA BARAT
19,05,BANGKA SELATAN,BPS KABUPATEN BANGKA SELATAN
19,06,BELITUNG TIMUR,BPS KABUPATEN BELITUNG TIMUR
19,71,PANGKALPINANG,BPS KOTA PANGKALPINANG
21,01,KARIMUN,BPS KABUPATEN KARIMUN
21,02,BINTAN,BPS KABUPATEN BINTAN
21,03,NATUNA,BPS KABUPATEN NATUNA
21,04,LINGGA,BPS KABUPATEN LINGGA
21,05,KEPULAUAN ANAMBAS,BPS KABUPATEN KEPULAUAN ANAMBAS
21,71,BATAM,BPS KOTA BATAM
21,72,TANJUNG PINANG,BPS KOTA TANJUNG PINANG
31,01,KEPULAUAN SERIBU,BPS KABUPATEN KEPULAUAN SERIBU
31,71,JAKARTA SELATAN,BPS KOTA JAKARTA SELATAN
31,72,JAKARTA TIMUR,BPS KOTA JAKARTA TIMUR
31,73,JAKARTA PUSAT,BPS KOTA JAKARTA PUSAT
31,74,JAKARTA BARAT,BPS KOTA JAKARTA BARAT
31,75,JAKARTA UTARA,BPS KOTA JAKARTA UTARA
32,01,BOGOR,BPS KABUPATEN BOGOR
32,02,SUKABUMI,BPS KABUPATEN SUKABUMI
32,03,CIANJUR,BPS KABUPATEN CIANJUR
32,04,BANDUNG,BPS KABUPATEN BANDUNG
32,06,TASIKMALAYA,BPS KABUPATEN TASIKMALAYA
32,07,CIAMIS,BPS KABUPATEN CIAMIS
32,08,KUNINGAN,BPS KABUPATEN KUNINGAN
32,09,CIREBON,BPS KABUPATEN CIREBON
32,10,MAJALENGKA,BPS KABUPATEN MAJALENGKA
32,11,SUMEDANG,BPS KABUPATEN SUMEDANG
32,12,INDRAMAYU,BPS KABUPATEN INDRAMAYU
32,13,SUBANG,BPS KABUPATEN SUBANG
32,14,PURWAKARTA,BPS KABUPATEN PURWAKARTA
32,15,KARAWANG,BPS KABUPATEN KARAWANG
32,16,BEKASI,BPS KABUPATEN BEKASI
32,17,BANDUNG BARAT,BPS KABUPATEN BANDUNG BARAT
32,18,PANGANDARAN,BPS KABUPATEN PANGANDARAN
32,71,BOGOR,BPS KOTA BOGOR
32,73,BANDUNG,BPS KOTA BANDUNG
32,74,CIREBON,BPS KOTA CIREBON
32,75,BEKASI,BPS KOTA BEKASI
32,76,DEPOK,BPS KOTA DEPOK
32,77,CIMAHI,BPS KOTA CIMAHI
32,78,TASIKMALAYA,BPS KOTA TASIKMALAYA
32,79,BANJAR,BPS KOTA BANJAR
33,01,CILACAP,BPS KABUPATEN CILACAP
33,02,BANYUMAS,BPS KABUPATEN BANYUMAS
33,03,PURBALINGGA,BPS KABUPATEN PURBALINGGA
33,04,BANJARNEGARA,BPS KABUPATEN BANJARNEGARA
33,05,KEBUMEN,BPS KABUPATEN KEBUMEN
33,06,PURWOREJO,BPS KABUPATEN PURWOREJO
33,07,WONOSOBO,BPS KABUPATEN WONOSOBO
33,08,MAGELANG,BPS KABUPATEN MAGELANG
33,09,BOYOLALI,BPS KABUPATEN BOYOLALI
33,10,KLATEN,BPS KABUPATEN KLATEN
33,11,SUKOHARJO,BPS KABUPATEN SUKOHARJO
33,13,KARANGANYAR,BPS KABUPATEN KARANGANYAR
33,14,SRAGEN,BPS KABUPATEN SRAGEN
33,15,GROBOGAN,BPS KABUPATEN GROBOGAN
33,16,BLORA,BPS KABUPATEN BLORA
33,17,REMBANG,BPS KABUPATEN REMBANG
33,18,PATI,BPS KABUPATEN PATI
33,19,KUDUS,BPS KABUPATEN KUDUS
33,20,JEPARA,BPS KABUPATEN JEPARA
33,21,DEMAK,BPS KABUPATEN DEMAK
33,22,SEMARANG,BPS KABUPATEN SEMARANG
33,23,TEMANGGUNG,BPS KABUPATEN TEMANGGUNG
33,24,KENDAL,BPS KABUPATEN KENDAL
33,25,BATANG,BPS KABUPATEN BATANG
33,26,PEKALONGAN,BPS KABUPATEN PEKALONGAN
33,27,PEMALANG,BPS KABUPATEN PEMALANG
33,28,TEGAL,BPS KABUPATEN TEGAL
33,29,BREBES,BPS KABUPATEN BREBES
33,71,MAGELANG,BPS KOTA MAGELANG
33,73,SALATIGA,BPS KOTA SALATIGA
33,74,SEMARANG,BPS KOTA SEMARANG
33,75,PEKALONGAN,BPS KOTA PEKALONGAN
33,76,TEGAL,BPS KOTA TEGAL
34,01,KULON PROGO,BPS KABUPATEN KULON PROGO
34,02,BANTUL,BPS KABUPATEN BANTUL
34,03,GUNUNG KIDUL,BPS KABUPATEN GUNUNG KIDUL
34,04,SLEMAN,BPS KABUPATEN SLEMAN
34,71,YOGYAKARTA,BPS KOTA YOGYAKARTA
35,01,PACITAN,BPS KABUPATEN PACITAN
35,02,PONOROGO,BPS KABUPATEN PONOROGO
35,03,TRENGGALEK,BPS KABUPATEN TRENGGALEK
35,04,TULUNGAGUNG,BPS KABUPATEN TULUNGAGUNG
35,05,BLITAR,BPS KABUPATEN BLITAR
35,06,KEDIRI,BPS KABUPATEN KEDIRI
35,07,MALANG,BPS KABUPATEN MALANG
35,08,LUMAJANG,BPS KABUPATEN LUMAJANG
35,09,JEMBER,BPS KABUPATEN JEMBER
35,11,BONDOWOSO,BPS KABUPATEN BONDOWOSO
35,12,SITUBONDO,BPS KABUPATEN SITUBONDO
35,13,PROBOLINGGO,BPS KABUPATEN PROBOLINGGO
35,14,PASURUAN,BPS KABUPATEN PASURUAN
35,15,SIDOARJO,BPS KABUPATEN SIDOARJO
35,16,MOJOKERTO,BPS KABUPATEN MOJOKERTO
35,17,JOMBANG,BPS KABUPATEN JOMBANG
35,18,NGANJUK,BPS KABUPATEN NGANJUK
35,19,MADIUN,BPS KABUPATEN MADIUN
35,20,MAGETAN,BPS KABUPATEN MAGETAN
35,21,NGAWI,BPS KABUPATEN NGAWI
35,23,TUBAN,BPS KABUPATEN TUBAN
35,24,LAMONGAN,BPS KABUPATEN LAMONGAN
35,25,GRESIK,BPS KABUPATEN GRESIK
35,26,BANGKALAN,BPS KABUPATEN BANGKALAN
35,27,SAMPANG,BPS KABUPATEN SAMPANG
35,28,PAMEKASAN,BPS KABUPATEN PAMEKASAN
35,29,SUMENEP,BPS KABUPATEN SUMENEP
35,71,KEDIRI,BPS KOTA KEDIRI
35,72,BLITAR,BPS KOTA BLITAR
35,73,MALANG,BPS KOTA MALANG
35,74,PROBOLINGGO,BPS KOTA PROBOLINGGO
35,75,PASURUAN,BPS KOTA PASURUAN
35,76,MOJOKERTO,BPS KOTA MOJOKERTO
35,77,MADIUN,BPS KOTA MADIUN
35,78,SURABAYA,BPS KOTA SURABAYA
35,79,BATU,BPS KOTA BATU
36,01,PANDEGLANG,BPS KABUPATEN PANDEGLANG
36,02,LEBAK,BPS KABUPATEN LEBAK
36,04,SERANG,BPS KABUPATEN SERANG
36,71,TANGERANG,BPS KOTA TANGERANG
36,72,CILEGON,BPS KOTA CILEGON
36,73,SERANG,BPS KOTA SERANG
36,74,TANGERANG SELATAN,BPS KOTA TANGERANG SELATAN
51,01,JEMBRANA,BPS KABUPATEN JEMBRANA
51,02,TABANAN,BPS KABUPATEN TABANAN
51,03,BADUNG,BPS KABUPATEN BADUNG
51,04,GIANYAR,BPS KABUPATEN GIANYAR
51,05,KLUNGKUNG,BPS KABUPATEN KLUNGKUNG
51,06,BANGLI,BPS KABUPATEN BANGLI
51,07,KARANGASEM,BPS KABUPATEN KARANGASEM
51,08,BULELENG,BPS KABUPATEN BULELENG
51,71,DENPASAR,BPS KOTA DENPASAR
52,01,LOMBOK BARAT,BPS KABUPATEN LOMBOK BARAT
52,02,LOMBOK TENGAH,BPS KABUPATEN LOMBOK TENGAH
52,03,LOMBOK TIMUR,BPS KABUPATEN LOMBOK TIMUR
52,04,SUMBAWA,BPS KABUPATEN SUMBAWA
52,05,DOMPU,BPS KABUPATEN DOMPU
52,07,SUMBAWA BARAT,BPS KABUPATEN SUMBAWA BARAT
52,08,LOMBOK UTARA,BPS KABUPATEN LOMBOK UTARA
52,71,MATARAM,BPS KOTA MATARAM
52,72,BIMA,BPS KOTA BIMA
53,01,SUMBA BARAT,BPS KABUPATEN SUMBA BARAT
53,02,SUMBA TIMUR,BPS KABUPATEN SUMBA TIMUR
53,03,KUPANG,BPS KABUPATEN KUPANG
53,04,TIMOR TENGAH SELATAN,BPS KABUPATEN TIMOR TENGAH SELATAN
53,05,TIMOR TENGAH UTARA,BPS KABUPATEN TIMOR TENGAH UTARA
53,06,BELU,BPS KABUPATEN BELU
53,07,ALOR,BPS KABUPATEN ALOR
53,08,LEMBATA,BPS KABUPATEN LEMBATA
53,09,FLORES TIMUR,BPS KABUPATEN FLORES TIMUR
53,10,SIKKA,BPS KABUPATEN SIKKA
53,11,ENDE,BPS KABUPATEN ENDE
53,12,NGADA,BPS KABUPATEN NGADA
53,14,ROTE NDAO,BPS KABUPATEN ROTE NDAO
53,15,MANGGARAI BARAT,BPS KABUPATEN MANGGARAI BARAT
53,16,SUMBA TENGAH,BPS KABUPATEN SUMBA TENGAH
53,17,SUMBA BARAT DAYA,BPS KABUPATEN SUMBA BARAT DAYA
53,18,NAGEKEO,BPS KABUPATEN NAGEKEO
53,19,MANGGARAI TIMUR,BPS KABUPATEN MANGGARAI TIMUR
53,20,SABU RAIJUA,BPS KABUPATEN SABU RAIJUA
53,21,MALAKA,BPS KABUPATEN MALAKA
53,71,KUPANG,BPS KOTA KUPANG
61,01,SAMBAS,BPS KABUPATEN SAMBAS
61,02,BENGKAYANG,BPS KABUPATEN BENGKAYANG
61,03,LANDAK,BPS KABUPATEN LANDAK
61,04,MEMPAWAH,BPS KABUPATEN MEMPAWAH
61,05,SANGGAU,BPS KABUPATEN SANGGAU
61,06,KETAPANG,BPS KABUPATEN KETAPANG
61,07,SINTANG,BPS KABUPATEN SINTANG
61,09,SEKADAU,BPS KABUPATEN SEKADAU
61,10,MELAWI,BPS KABUPATEN MELAWI
61,11,KAYONG UTARA,BPS KABUPATEN KAYONG UTARA
61,12,KUBU RAYA,BPS KABUPATEN KUBU RAYA
61,71,PONTIANAK,BPS KOTA PONTIANAK
61,72,SINGKAWANG,BPS KOTA SINGKAWANG
62,01,KOTAWARINGIN BARAT,BPS KABUPATEN KOTAWARINGIN BARAT
62,02,KOTAWARINGIN TIMUR,BPS KABUPATEN KOTAWARINGIN TIMUR
62,03,KAPUAS,BPS KABUPATEN KAPUAS
62,04,BARITO SELATAN,BPS KABUPATEN BARITO SELATAN
62,05,BARITO UTARA,BPS KABUPATEN BARITO UTARA
62,06,SUKAMARA,BPS KABUPATEN SUKAMARA
62,07,LAMANDAU,BPS KABUPATEN LAMANDAU
62,08,SERUYAN,BPS KABUPATEN SERUYAN
62,09,KATINGAN,BPS KABUPATEN KATINGAN
62,10,PULANG PISAU,BPS KABUPATEN PULANG PISAU
62,11,GUNUNG MAS,BPS KABUPATEN GUNUNG MAS
62,12,BARITO TIMUR,BPS KABUPATEN BARITO TIMUR
62,71,PALANGKA RAYA,BPS KOTA PALANGKA RAYA
63,01,TANAH LAUT,BPS KABUPATEN TANAH LAUT
63,02,KOTABARU,BPS KABUPATEN KOTABARU
63,03,BANJAR,BPS KABUPATEN BANJAR
63,04,BARITO KUALA,BPS KABUPATEN BARITO KUALA
63,05,TAPIN,BPS KABUPATEN TAPIN
63,06,HULU SUNGAI SELATAN,BPS KABUPATEN HULU SUNGAI SELATAN
63,07,HULU SUNGAI TENGAH,BPS KABUPATEN HULU SUNGAI TENGAH
63,08,HULU SUNGAI UTARA,BPS KABUPATEN HULU SUNGAI UTARA
63,09,TABALONG,BPS KABUPATEN TABALONG
63,10,TANAH BUMBU,BPS KABUPATEN TANAH BUMBU
63,11,BALANGAN,BPS KABUPATEN BALANGAN
63,71,BANJARMASIN,BPS KOTA BANJARMASIN
63,72,BANJAR BARU,BPS KOTA BANJAR BARU
64,01,PASER,BPS KABUPATEN PASER
64,02,KUTAI BARAT,BPS KABUPATEN KUTAI BARAT
64,05,BERAU,BPS KABUPATEN BERAU
64,11,MAHAKAM HULU,BPS KABUPATEN MAHAKAM HULU
64,71,BALIKPAPAN,BPS KOTA BALIKPAPAN
64,72,SAMARINDA,BPS KOTA SAMARINDA
64,74,BONTANG,BPS KOTA BONTANG
65,01,MALINAU,BPS KABUPATEN MALINAU
65,02,BULUNGAN,BPS KABUPATEN BULUNGAN
65,03,TANA TIDUNG,BPS KABUPATEN TANA TIDUNG
65,04,NUNUKAN,BPS KABUPATEN NUNUKAN
65,71,TARAKAN,BPS KOTA TARAKAN
71,01,BOLAANG MONGONDOW,BPS KABUPATEN BOLAANG MONGONDOW
71,02,MINAHASA,BPS KABUPATEN MINAHASA
71,03,KEPULAUAN SANGIHE,BPS KABUPATEN KEPULAUAN SANGIHE
71,04,KEPULAUAN TALAUD,BPS KABUPATEN KEPULAUAN TALAUD
71,05,MINAHASA SELATAN,BPS KABUPATEN MINAHASA SELATAN
71,06,MINAHASA UTARA,BPS KABUPATEN MINAHASA UTARA
71,07,BOLAANG MONGONDOW UTARA,BPS KABUPATEN BOLAANG MONGONDOW UTARA
71,08,SIAU TAGULANDANG BIARO,BPS KABUPATEN SIAU TAGULANDANG BIARO
71,09,MINAHASA TENGGARA,BPS KABUPATEN MINAHASA TENGGARA
71,11,BOLAANG MONGONDOW TIMUR,BPS KABUPATEN BOLAANG MONGONDOW TIMUR
71,71,MANADO,BPS KOTA MANADO
71,72,BITUNG,BPS KOTA BITUNG
71,73,TOMOHON,BPS KOTA TOMOHON
71,74,KOTAMOBAGU,BPS KOTA KOTAMOBAGU
72,01,BANGGAI KEPULAUAN,BPS KABUPATEN BANGGAI KEPULAUAN
72,02,BANGGAI,BPS KABUPATEN BANGGAI
72,03,MOROWALI,BPS KABUPATEN MOROWALI
72,04,POSO,BPS KABUPATEN POSO
72,05,DONGGALA,BPS KABUPATEN DONGGALA
72,06,TOLI-TOLI,BPS KABUPATEN TOLI-TOLI
72,07,BUOL,BPS KABUPATEN BUOL
72,08,PARIGI MOUTONG,BPS KABUPATEN PARIGI MOUTONG
72,09,TOJO UNA-UNA,BPS KABUPATEN TOJO UNA-UNA
72,10,SIGI,BPS KABUPATEN SIGI
72,11,BANGGAI LAUT,BPS KABUPATEN BANGGAI LAUT
72,12,MOROWALI UTARA,BPS KABUPATEN MOROWALI UTARA
72,71,PALU,BPS KOTA PALU
73,01,KEPULAUAN SELAYAR,BPS KABUPATEN KEPULAUAN SELAYAR
73,02,BULUKUMBA,BPS KABUPATEN BULUKUMBA
73,03,BANTAENG,BPS KABUPATEN BANTAENG
73,04,JENEPONTO,BPS KABUPATEN JENEPONTO
73,05,TAKALAR,BPS KABUPATEN TAKALAR
73,06,GOWA,BPS KABUPATEN GOWA
73,07,SINJAI,BPS KABUPATEN SINJAI
73,08,MAROS,BPS KABUPATEN MAROS
73,10,BARRU,BPS KABUPATEN BARRU
73,11,BONE,BPS KABUPATEN BONE
73,12,SOPPENG,BPS KABUPATEN SOPPENG
73,13,WAJO,BPS KABUPATEN WAJO
73,14,SIDENRENG RAPPANG,BPS KABUPATEN SIDENRENG RAPPANG
73,15,PINRANG,BPS KABUPATEN PINRANG
73,16,ENREKANG,BPS KABUPATEN ENREKANG
73,17,LUWU,BPS KABUPATEN LUWU
73,18,TANA TORAJA,BPS KABUPATEN TANA TORAJA
73,22,LUWU UTARA,BPS KABUPATEN LUWU UTARA
73,25,LUWU TIMUR,BPS KABUPATEN LUWU TIMUR
73,26,TORAJA UTARA,BPS KABUPATEN TORAJA UTARA
73,71,MAKASSAR,BPS KOTA MAKASSAR
73,72,PAREPARE,BPS KOTA PAREPARE
73,73,PALOPO,BPS KOTA PALOPO
74,01,BUTON,BPS KABUPATEN BUTON
74,02,MUNA,BPS KABUPATEN MUNA
74,03,KONAWE,BPS KABUPATEN KONAWE
74,04,KOLAKA,BPS KABUPATEN KOLAKA
74,05,KONAWE SELATAN,BPS KABUPATEN KONAWE SELATAN
74,06,BOMBANA,BPS KABUPATEN BOMBANA
74,08,KOLAKA UTARA,BPS KABUPATEN KOLAKA UTARA
74,09,BUTON UTARA,BPS KABUPATEN BUTON UTARA
74,10,KONAWE UTARA,BPS KABUPATEN KONAWE UTARA
74,11,KOLAKA TIMUR,BPS KABUPATEN KOLAKA TIMUR
74,12,KONAWE KEPULAUAN,BPS KABUPATEN KONAWE KEPULAUAN
74,13,MUNA BARAT,BPS KABUPATEN MUNA BARAT
74,14,BUTON TENGAH,BPS KABUPATEN BUTON TENGAH
74,15,BUTON SELATAN,BPS KABUPATEN BUTON SELATAN
74,71,KENDARI,BPS KOTA KENDARI
74,72,BAUBAU,BPS KOTA BAUBAU
75,01,BOALEMO,BPS KABUPATEN BOALEMO
75,02,GORONTALO,BPS KABUPATEN GORONTALO
75,03,POHUWATO,BPS KABUPATEN POHUWATO
75,04,BONE BOLANGO,BPS KABUPATEN BONE BOLANGO
75,05,GORONTALO UTARA,BPS KABUPATEN GORONTALO UTARA
75,71,GORONTALO,BPS KOTA GORONTALO
76,01,MAJENE,BPS KABUPATEN MAJENE
76,03,MAMASA,BPS KABUPATEN MAMASA
76,04,MAMUJU,BPS KABUPATEN MAMUJU
76,05,PASANGKAYU,BPS KABUPATEN PASANGKAYU
76,06,MAMUJU TENGAH,BPS KABUPATEN MAMUJU TENGAH
81,01,KEPULAUAN TANIMBAR,BPS KABUPATEN KEPULAUAN TANIMBAR
81,02,MALUKU TENGGARA,BPS KABUPATEN MALUKU TENGGARA
81,03,MALUKU TENGAH,BPS KABUPATEN MALUKU TENGAH
81,04,BURU,BPS KABUPATEN BURU
81,05,KEPULAUAN ARU,BPS KABUPATEN KEPULAUAN ARU
81,06,SERAM BAGIAN BARAT,BPS KABUPATEN SERAM BAGIAN BARAT
81,07,SERAM BAGIAN TIMUR,BPS KABUPATEN SERAM BAGIAN TIMUR
81,08,MALUKU BARAT DAYA,BPS KABUPATEN MALUKU BARAT DAYA
81,09,BURU SELATAN,BPS KABUPATEN BURU SELATAN
81,71,AMBON,BPS KOTA AMBON
81,72,TUAL,BPS KOTA TUAL
82,01,HALMAHERA BARAT,BPS KABUPATEN HALMAHERA BARAT
82,03,KEPULAUAN SULA,BPS KABUPATEN KEPULAUAN SULA
82,04,HALMAHERA SELATAN,BPS KABUPATEN HALMAHERA SELATAN
82,05,HALMAHERA UTARA,BPS KABUPATEN HALMAHERA UTARA
82,06,HALMAHERA TIMUR,BPS KABUPATEN HALMAHERA TIMUR
82,07,PULAU MOROTAI,BPS KABUPATEN PULAU MOROTAI
82,08,PULAU TALIABU,BPS KABUPATEN PULAU TALIABU
82,71,TERNATE,BPS KOTA TERNATE
82,72,TIDORE KEPULAUAN,BPS KOTA TIDORE KEPULAUAN
91,01,FAKFAK,BPS KABUPATEN FAKFAK
91,02,KAIMANA,BPS KABUPATEN KAIMANA
91,03,TELUK WONDAMA,BPS KABUPATEN TELUK WONDAMA
91,04,TELUK BINTUNI,BPS KABUPATEN TELUK BINTUNI
91,05,MANOKWARI,BPS KABUPATEN MANOKWARI
91,06,SORONG SELATAN,BPS KABUPATEN SORONG SELATAN
91,07,SORONG,BPS KABUPATEN SORONG
91,09,TAMBRAUW,BPS KABUPATEN TAMBRAUW
91,10,MAYBRAT,BPS KABUPATEN MAYBRAT
91,11,MANOKWARI SELATAN,BPS KABUPATEN MANOKWARI SELATAN
91,12,PEGUNUNGAN ARFAK,BPS KABUPATEN PEGUNUNGAN ARFAK
91,71,SORONG,BPS KOTA SORONG
94,01,MERAUKE,BPS KABUPATEN MERAUKE
94,02,JAYAWIJAYA,BPS KABUPATEN JAYAWIJAYA
94,03,JAYAPURA,BPS KABUPATEN JAYAPURA
94,04,NABIRE,BPS KABUPATEN NABIRE
94,08,KEPULAUAN YAPEN,BPS KABUPATEN KEPULAUAN YAPEN
94,09,BIAK NUMFOR,BPS KABUPATEN BIAK NUMFOR
94,10,PANIAI,BPS KABUPATEN PANIAI
94,11,PUNCAK JAYA,BPS KABUPATEN PUNCAK JAYA
94,12,MIMIKA,BPS KABUPATEN MIMIKA
94,13,BOVEN DIGOEL,BPS KABUPATEN BOVEN DIGOEL
94,14,MAPPI,BPS KABUPATEN MAPPI
94,15,ASMAT,BPS KABUPATEN ASMAT
94,17,PEGUNUNGAN BINTANG,BPS KABUPATEN PEGUNUNGAN BINTANG
94,18,TOLIKARA,BPS KABUPATEN TOLIKARA
94,19,SARMI,BPS KABUPATEN SARMI
94,20,KEEROM,BPS KABUPATEN KEEROM
94,26,WAROPEN,BPS KABUPATEN WAROPEN
94,27,SUPIORI,BPS KABUPATEN SUPIORI
94,28,MAMBERAMO RAYA,BPS KABUPATEN MAMBERAMO RAYA
94,29,NDUGA,BPS KABUPATEN NDUGA
94,30,LANNY JAYA,BPS KABUPATEN LANNY JAYA
94,31,MAMBERAMO TENGAH,BPS KABUPATEN MAMBERAMO TENGAH
94,32,YALIMO,BPS KABUPATEN YALIMO
94,33,PUNCAK,BPS KABUPATEN PUNCAK
94,34,DOGIYAI,BPS KABUPATEN DOGIYAI
94,35,INTAN JAYA,BPS KABUPATEN INTAN JAYA
94,36,DEIYAI,BPS KABUPATEN DEIYAI
94,71,JAYAPURA,BPS KOTA JAYAPURA
11,01,SIMEULUE,BPS KABUPATEN SIMEULUE
11,15,NAGAN RAYA,BPS KABUPATEN NAGAN RAYA
12,06,TOBA SAMOSIR,BPS KABUPATEN TOBA SAMOSIR
12,07,LABUHAN BATU,BPS KABUPATEN LABUHAN BATU
12,72,TANJUNG BALAI,BPS KOTA TANJUNG BALAI
13,12,PASAMAN BARAT,BPS KABUPATEN PASAMAN BARAT
14,04,PELALAWAN,BPS KABUPATEN PELALAWAN
14,06,KAMPAR,BPS KABUPATEN KAMPAR
14,07,ROKAN HULU,BPS KABUPATEN ROKAN HULU
14,08,BENGKALIS,BPS KABUPATEN BENGKALIS
14,09,ROKAN HILIR,BPS KABUPATEN ROKAN HILIR
14,10,KEPULAUAN MERANTI,BPS KABUPATEN KEPULAUAN MERANTI
15,06,TANJUNG JABUNG TIMUR,BPS KABUPATEN TANJUNG JABUNG TIMUR
15,07,TANJUNG JABUNG BARAT,BPS KABUPATEN TANJUNG JABUNG BARAT
15,08,TEBO,BPS KABUPATEN TEBO
15,09,BUNGO,BPS KABUPATEN BUNGO
18,12,TULANG BAWANG BARAT,BPS KABUPATEN TULANG BAWANG BARAT
19,04,BANGKA TENGAH,BPS KABUPATEN BANGKA TENGAH
32,05,GARUT,BPS KABUPATEN GARUT
32,72,SUKABUMI,BPS KOTA SUKABUMI
33,12,WONOGIRI,BPS KABUPATEN WONOGIRI
33,72,SURAKARTA,BPS KOTA SURAKARTA
35,10,BANYUWANGI,BPS KABUPATEN BANYUWANGI
35,22,BOJONEGORO,BPS KABUPATEN BOJONEGORO
36,03,TANGERANG,BPS KABUPATEN TANGERANG
52,06,BIMA,BPS KABUPATEN BIMA
53,13,MANGGARAI,BPS KABUPATEN MANGGARAI
61,08,KAPUAS HULU,BPS KABUPATEN KAPUAS HULU
62,13,MURUNG RAYA,BPS KABUPATEN MURUNG RAYA
64,03,KUTAI KARTANEGARA,BPS KABUPATEN KUTAI KARTANEGARA
64,04,KUTAI TIMUR,BPS KABUPATEN KUTAI TIMUR
64,09,PENAJAM PASER UTARA,BPS KABUPATEN PENAJAM PASER UTARA
71,10,BOLAANG MONGONDOW SELATAN,BPS KABUPATEN BOLAANG MONGONDOW SELATAN
73,09,PANGKAJENE DAN KEPULAUAN,BPS KABUPATEN PANGKAJENE DAN KEPULAUAN
74,07,WAKATOBI,BPS KABUPATEN WAKATOBI
76,02,POLEWALI MANDAR,BPS KABUPATEN POLEWALI MANDAR
82,02,HALMAHERA TENGAH,BPS KABUPATEN HALMAHERA TENGAH
91,08,RAJA AMPAT,BPS KABUPATEN RAJA AMPAT
94,16,YAHUKIMO,BPS KABUPATEN YAHUKIMO
